,SEASON_ID,OFF_PLAYER_ID,OFF_PLAYER_NAME,DEF_PLAYER_ID,DEF_PLAYER_NAME,GP,MATCHUP_MIN,PARTIAL_POSS,PLAYER_PTS,TEAM_PTS,MATCHUP_AST,MATCHUP_TOV,MATCHUP_BLK,MATCHUP_FGM,MATCHUP_FGA,MATCHUP_FG_PCT,MATCHUP_FG3M,MATCHUP_FG3A,MATCHUP_FG3_PCT,HELP_BLK,HELP_FGM,HELP_FGA,HELP_FG_PERC,MATCHUP_FTM,MATCHUP_FTA,SFL
0,22019,201942,DeMar DeRozan,2544,LeBron James,3,17:56,65.73,14,63,4,0,1,7,14,0.5,0,0,0.0,0,0,0,0.0,0,0,0
1,22019,1627827,Dorian Finney-Smith,2544,LeBron James,4,14:41,53.43,9,76,0,1,0,3,6,0.5,3,6,0.5,0,0,0,0.0,0,0,0
2,22019,202695,Kawhi Leonard,2544,LeBron James,4,12:46,50.34,14,55,1,3,0,6,11,0.545,1,3,0.333,0,0,0,0.0,1,2,0
3,22019,1629631,De'Andre Hunter,2544,LeBron James,2,11:42,46.49,8,47,0,1,1,3,8,0.375,2,4,0.5,0,0,0,0.0,0,0,0
4,22019,203109,Jae Crowder,2544,LeBron James,2,12:07,45.89,8,57,0,1,0,3,6,0.5,2,5,0.4,0,0,0,0.0,0,0,0
5,22019,1628366,Lonzo Ball,2544,LeBron James,3,10:11,45.36,10,48,2,2,0,4,7,0.571,2,5,0.4,0,0,0,0.0,0,0,0
6,22019,1628390,Terrance Ferguson,2544,LeBron James,2,11:28,44.59,5,45,0,1,0,2,4,0.5,1,3,0.333,0,0,0,0.0,0,0,0
7,22019,1628384,OG Anunoby,2544,LeBron James,2,10:58,44.02,7,42,0,1,1,3,5,0.6,1,2,0.5,0,0,0,0.0,0,0,0
8,22019,1626162,Kelly Oubre Jr.,2544,LeBron James,3,10:55,44.02,8,52,0,0,0,3,4,0.75,2,3,0.667,0,0,0,0.0,0,0,1
9,22019,1627742,Brandon Ingram,2544,LeBron James,4,10:12,41.69,5,49,0,1,0,2,9,0.222,1,5,0.2,0,0,0,0.0,0,0,0
10,22019,203084,Harrison Barnes,2544,LeBron James,3,10:17,38.03,2,48,1,0,0,1,4,0.25,0,3,0.0,0,0,0,0.0,0,0,0
11,22019,202083,Wesley Matthews,2544,LeBron James,2,8:22,36.56,4,49,0,1,0,1,2,0.5,1,2,0.5,0,0,0,0.0,1,2,1
12,22019,1628404,Josh Hart,2544,LeBron James,4,9:18,35.34,0,36,1,0,0,0,6,0.0,0,6,0.0,0,0,0,0.0,0,0,0
13,22019,203932,Aaron Gordon,2544,LeBron James,2,8:29,34.14,2,45,3,1,0,1,2,0.5,0,0,0.0,0,0,0,0.0,0,0,0
14,22019,1628969,Mikal Bridges,2544,LeBron James,3,8:05,33.86,4,38,0,2,0,2,3,0.667,0,1,0.0,0,0,0,0.0,0,0,0
15,22019,1629680,Matisse Thybulle,2544,LeBron James,2,8:51,33.47,0,55,2,0,0,0,1,0.0,0,1,0.0,0,0,0,0.0,0,0,0
16,22019,204060,Joe Ingles,2544,LeBron James,3,9:38,33.34,3,53,2,1,0,1,1,1.0,1,1,1.0,0,0,0,0.0,0,0,0
17,22019,203145,Kent Bazemore,2544,LeBron James,3,8:25,32.96,2,51,1,0,0,1,2,0.5,0,1,0.0,0,0,0,0.0,0,0,0
18,22019,202694,Marcus Morris Sr.,2544,LeBron James,3,8:40,31.74,9,36,0,3,0,3,5,0.6,2,4,0.5,0,0,0,0.0,1,2,0
19,22019,203507,Giannis Antetokounmpo,2544,LeBron James,2,7:34,31.21,10,25,3,2,0,2,10,0.2,1,6,0.167,0,0,0,0.0,5,6,4
20,22019,203922,Glenn Robinson III,2544,LeBron James,2,7:39,30.59,4,35,2,0,1,2,3,0.667,0,0,0.0,0,0,0,0.0,0,0,0
21,22019,203925,Joe Harris,2544,LeBron James,2,7:47,28.87,5,29,1,1,0,2,3,0.667,1,1,1.0,0,0,0,0.0,0,0,0
22,22019,202710,Jimmy Butler,2544,LeBron James,2,7:27,27.88,2,21,2,1,0,1,3,0.333,0,1,0.0,0,0,0,0.0,0,0,0
23,22019,203937,Kyle Anderson,2544,LeBron James,4,6:55,27.7,3,17,2,0,0,1,2,0.5,1,1,1.0,0,0,0,0.0,0,0,0
24,22019,1629635,Sekou Doumbouya,2544,LeBron James,1,7:03,26.69,0,11,0,0,0,0,4,0.0,0,2,0.0,0,0,0,0.0,0,0,0
25,22019,1628470,Torrey Craig,2544,LeBron James,2,7:43,26.36,0,35,1,0,0,0,0,0.0,0,0,0.0,0,0,0,0.0,0,0,0
26,22019,201950,Jrue Holiday,2544,LeBron James,4,5:33,24.12,5,34,3,2,0,2,2,1.0,1,1,1.0,0,0,0,0.0,0,0,0
27,22019,200782,P.J. Tucker,2544,LeBron James,2,5:20,23.98,0,28,0,0,0,0,1,0.0,0,1,0.0,0,0,0,0.0,0,0,0
28,22019,2772,Trevor Ariza,2544,LeBron James,1,6:25,23.98,0,42,1,0,1,0,1,0.0,0,0,0.0,0,0,0,0.0,0,0,0
29,22019,201976,Patrick Beverley,2544,LeBron James,4,6:17,23.12,0,30,1,1,0,0,2,0.0,0,0,0.0,0,0,0,0.0,0,0,0
30,22019,203501,Tim Hardaway Jr.,2544,LeBron James,4,6:23,22.45,5,30,0,1,0,2,5,0.4,1,4,0.25,0,0,0,0.0,0,0,0
31,22019,202330,Gordon Hayward,2544,LeBron James,2,5:59,22.41,5,45,5,0,0,2,4,0.5,1,2,0.5,0,0,0,0.0,0,0,0
32,22019,1628970,Miles Bridges,2544,LeBron James,1,5:26,21.76,3,26,0,0,0,1,4,0.25,1,2,0.5,0,0,0,0.0,0,0,0
33,22019,1626220,Royce O'Neale,2544,LeBron James,3,4:50,21.37,0,21,0,2,1,0,2,0.0,0,1,0.0,0,0,0,0.0,0,0,0
34,22019,200794,Paul Millsap,2544,LeBron James,3,5:59,21.32,2,29,1,0,1,1,4,0.25,0,1,0.0,0,0,0,0.0,0,0,0
35,22019,201145,Jeff Green,2544,LeBron James,2,5:31,21.03,2,23,0,0,0,1,1,1.0,0,0,0.0,0,0,0,0.0,0,0,0
36,22019,1628467,Maxi Kleber,2544,LeBron James,4,5:42,20.64,4,21,1,0,0,1,5,0.2,1,3,0.333,0,0,0,0.0,1,2,1
37,22019,203115,Will Barton,2544,LeBron James,1,5:55,20.43,0,28,0,0,0,0,1,0.0,0,1,0.0,0,0,0,0.0,0,0,0
38,22019,202335,Patrick Patterson,2544,LeBron James,3,5:12,20.11,0,20,0,0,0,0,0,0.0,0,0,0.0,0,0,0,0.0,0,0,0
39,22019,1627863,Danuel House Jr.,2544,LeBron James,2,5:22,20.06,0,21,0,0,0,0,0,0.0,0,0,0.0,0,0,0,0.0,0,0,0
40,22019,201568,Danilo Gallinari,2544,LeBron James,3,5:14,19.25,2,24,0,0,1,0,4,0.0,0,2,0.0,0,0,0,0.0,2,2,1
41,22019,1626153,Delon Wright,2544,LeBron James,4,5:13,18.78,3,28,1,1,0,1,5,0.2,1,4,0.25,0,0,0,0.0,0,0,0
42,22019,1629130,Duncan Robinson,2544,LeBron James,2,5:02,18.63,6,25,0,0,0,2,4,0.5,2,4,0.5,0,0,0,0.0,0,0,0
43,22019,203933,T.J. Warren,2544,LeBron James,2,4:53,18.36,2,17,1,0,1,1,3,0.333,0,1,0.0,0,0,0,0.0,0,0,0
44,22019,203493,Reggie Bullock,2544,LeBron James,2,5:10,18.22,0,17,0,0,0,0,2,0.0,0,1,0.0,0,0,0,0.0,0,0,0
45,22019,1626224,Cedi Osman,2544,LeBron James,1,5:44,17.85,0,12,0,0,0,0,1,0.0,0,1,0.0,0,0,0,0.0,0,0,0
46,22019,1629006,Josh Okogie,2544,LeBron James,1,4:32,17.29,8,22,0,0,0,3,4,0.75,2,2,1.0,0,0,0,0.0,0,0,0
47,22019,1627763,Malcolm Brogdon,2544,LeBron James,2,4:31,17.04,2,17,0,0,0,1,1,1.0,0,0,0.0,0,0,0,0.0,0,0,0
48,22019,203524,Solomon Hill,2544,LeBron James,2,4:22,16.89,3,23,1,2,1,1,2,0.5,1,1,1.0,0,0,0,0.0,0,0,0
49,22019,203490,Otto Porter Jr.,2544,LeBron James,1,3:44,16.47,3,16,0,0,0,1,3,0.333,1,2,0.5,0,0,0,0.0,0,0,0
50,22019,202709,Cory Joseph,2544,LeBron James,3,4:07,16.41,0,23,1,0,0,0,2,0.0,0,1,0.0,0,0,0,0.0,0,0,0
51,22019,1629001,De'Anthony Melton,2544,LeBron James,2,4:28,16.19,3,16,1,0,0,1,2,0.5,1,1,1.0,0,0,0,0.0,0,0,0
52,22019,1628371,Jonathan Isaac,2544,LeBron James,1,4:14,16.18,3,23,0,1,0,1,3,0.333,0,0,0.0,0,0,0,0.0,1,1,1
53,22019,1628415,Dillon Brooks,2544,LeBron James,4,4:08,15.9,5,27,0,1,0,2,5,0.4,1,2,0.5,0,0,0,0.0,0,0,0
54,22019,1628972,Troy Brown Jr.,2544,LeBron James,1,3:56,15.88,0,11,0,0,1,0,2,0.0,0,0,0.0,0,0,0,0.0,0,0,0
55,22019,1628988,Aaron Holiday,2544,LeBron James,2,4:31,15.84,7,24,2,1,0,3,3,1.0,1,1,1.0,0,0,0,0.0,0,0,0
56,22019,1627759,Jaylen Brown,2544,LeBron James,2,4:01,15.77,5,20,0,2,0,2,4,0.5,0,2,0.0,0,0,0,0.0,1,3,1
57,22019,202734,E'Twaun Moore,2544,LeBron James,4,3:49,15.67,0,18,1,0,0,0,3,0.0,0,2,0.0,0,0,0,0.0,0,0,0
58,22019,1628966,Keita Bates-Diop,2544,LeBron James,2,4:36,15.12,0,10,0,0,1,0,1,0.0,0,0,0.0,0,0,0,0.0,0,0,0
59,22019,202331,Paul George,2544,LeBron James,3,3:36,14.93,6,25,1,2,0,3,8,0.375,0,4,0.0,0,0,0,0.0,0,0,0
60,22019,203496,Robert Covington,2544,LeBron James,2,3:57,14.89,2,14,1,0,0,0,0,0.0,0,0,0.0,0,0,0,0.0,2,2,1
61,22019,201163,Wilson Chandler,2544,LeBron James,2,4:07,14.47,0,15,0,1,0,0,0,0.0,0,0,0.0,0,0,0,0.0,0,0,0
62,22019,1627777,Georges Niang,2544,LeBron James,3,3:55,14.41,5,16,0,0,0,2,3,0.667,1,2,0.5,0,0,0,0.0,0,0,0
63,22019,203463,Ben McLemore,2544,LeBron James,2,3:36,14.39,3,21,0,2,0,1,2,0.5,1,2,0.5,0,0,0,0.0,0,0,0
64,22019,1629013,Landry Shamet,2544,LeBron James,4,3:31,14.3,2,12,0,0,1,1,3,0.333,0,1,0.0,0,0,0,0.0,0,0,0
65,22019,203939,Dwight Powell,2544,LeBron James,4,3:23,14.28,2,16,0,0,0,0,1,0.0,0,0,0.0,0,0,0,0.0,2,2,0
66,22019,203090,Maurice Harkless,2544,LeBron James,2,3:12,14.26,3,14,0,1,0,1,1,1.0,1,1,1.0,0,0,0,0.0,0,0,0
67,22019,1628367,Josh Jackson,2544,LeBron James,2,4:02,14.05,7,14,0,0,1,3,6,0.5,1,2,0.5,0,0,0,0.0,0,0,0
68,22019,1626149,Montrezl Harrell,2544,LeBron James,3,3:30,13.89,3,19,0,1,0,1,2,0.5,0,0,0.0,0,0,0,0.0,1,4,2
69,22019,200746,LaMarcus Aldridge,2544,LeBron James,3,3:16,13.82,2,28,0,0,0,1,2,0.5,0,0,0.0,0,0,0,0.0,0,0,0
70,22019,2546,Carmelo Anthony,2544,LeBron James,2,2:52,13.8,2,19,0,0,0,1,3,0.333,0,1,0.0,0,0,0,0.0,0,0,0
71,22019,203468,CJ McCollum,2544,LeBron James,3,3:28,13.78,4,12,1,1,0,1,5,0.2,0,1,0.0,0,0,0,0.0,2,2,1
72,22019,203552,Seth Curry,2544,LeBron James,4,4:26,13.7,2,9,0,0,0,1,3,0.333,0,2,0.0,0,0,0,0.0,0,0,0
73,22019,1629018,Gary Trent Jr.,2544,LeBron James,2,3:38,13.6,0,15,0,0,0,0,0,0.0,0,0,0.0,0,0,0,0.0,0,0,0
74,22019,1629134,Kendrick Nunn,2544,LeBron James,2,3:05,13.45,2,13,1,0,0,1,2,0.5,0,0,0.0,0,0,0,0.0,0,0,0
75,22019,1629008,Michael Porter Jr.,2544,LeBron James,1,4:14,13.38,6,22,1,1,0,2,2,1.0,2,2,1.0,0,0,0,0.0,0,0,0
76,22019,1628977,Hamidou Diallo,2544,LeBron James,2,3:42,13.06,4,15,0,0,0,2,2,1.0,0,0,0.0,0,0,0,0.0,0,0,0
77,22019,1629029,Luka Doncic,2544,LeBron James,4,3:27,12.99,10,26,3,4,0,4,8,0.5,2,3,0.667,0,0,0,0.0,0,0,0
78,22019,1629661,Cameron Johnson,2544,LeBron James,2,3:11,12.76,3,18,1,0,0,1,1,1.0,1,1,1.0,0,0,0,0.0,0,0,0
79,22019,1627854,Bryn Forbes,2544,LeBron James,3,3:05,12.68,2,11,1,0,0,1,2,0.5,0,1,0.0,0,0,0,0.0,0,0,0
80,22019,204456,T.J. McConnell,2544,LeBron James,2,3:16,12.65,0,17,2,1,0,0,0,0.0,0,0,0.0,0,0,0,0.0,0,0,0
81,22019,203924,Jerami Grant,2544,LeBron James,2,3:05,12.47,3,13,0,0,0,1,1,1.0,1,1,1.0,0,0,0,0.0,0,0,0
82,22019,1628995,Kevin Knox II,2544,LeBron James,2,3:29,12.31,0,7,0,0,0,0,0,0.0,0,0,0.0,0,0,0,0.0,0,0,0
83,22019,101150,Lou Williams,2544,LeBron James,3,3:05,12.26,0,18,1,0,0,0,2,0.0,0,0,0.0,0,0,0,0.0,0,0,0
84,22019,1627814,Damion Lee,2544,LeBron James,1,2:57,12.03,0,12,0,1,0,0,1,0.0,0,1,0.0,0,0,0,0.0,0,0,0
85,22019,1628991,Jaren Jackson Jr.,2544,LeBron James,3,2:22,11.76,0,26,0,0,0,0,0,0.0,0,0,0.0,0,0,0,0.0,0,0,0
86,22019,1627884,Derrick Jones Jr.,2544,LeBron James,1,3:00,11.7,2,13,1,0,0,0,1,0.0,0,1,0.0,0,0,0,0.0,2,2,1
87,22019,203210,JaMychal Green,2544,LeBron James,4,3:18,11.4,0,9,0,0,2,0,4,0.0,0,1,0.0,0,0,0,0.0,0,0,0
88,22019,1629652,Luguentz Dort,2544,LeBron James,1,2:44,11.31,0,12,0,0,0,0,0,0.0,0,0,0.0,0,0,0,0.0,0,0,0
89,22019,101108,Chris Paul,2544,LeBron James,3,2:51,11.2,2,28,3,1,0,1,3,0.333,0,1,0.0,0,0,0,0.0,0,0,0
90,22019,200755,JJ Redick,2544,LeBron James,3,2:38,11.18,0,19,1,0,0,0,0,0.0,0,0,0.0,0,0,0,0.0,0,0,0
91,22019,1629630,Ja Morant,2544,LeBron James,4,2:55,11.17,0,25,1,0,0,0,3,0.0,0,1,0.0,0,0,0,0.0,0,0,0
92,22019,200752,Rudy Gay,2544,LeBron James,3,2:46,11.01,2,9,0,0,0,1,1,1.0,0,0,0.0,0,0,0,0.0,0,0,0
93,22019,1629627,Zion Williamson,2544,LeBron James,2,2:59,10.9,5,9,0,2,1,2,4,0.5,0,0,0.0,0,0,0,0.0,1,2,0
94,22019,204001,Kristaps Porzingis,2544,LeBron James,3,2:36,10.56,2,12,0,1,0,1,1,1.0,0,0,0.0,0,0,0,0.0,0,0,0
95,22019,203944,Julius Randle,2544,LeBron James,2,2:59,10.54,5,10,0,0,0,2,4,0.5,0,2,0.0,0,0,0,0.0,1,2,1
96,22019,1629641,Romeo Langford,2544,LeBron James,1,2:49,10.3,2,19,0,0,0,1,2,0.5,0,0,0.0,0,0,0,0.0,0,0,0
97,22019,203935,Marcus Smart,2544,LeBron James,2,2:38,10.29,2,16,0,0,0,1,1,1.0,0,0,0.0,0,0,0,0.0,0,0,0
98,22019,203107,Tomas Satoransky,2544,LeBron James,1,2:25,10.23,3,15,0,1,0,1,2,0.5,1,1,1.0,0,0,0,0.0,0,0,0
99,22019,202357,Nemanja Bjelica,2544,LeBron James,3,2:30,10.12,0,15,1,0,0,0,0,0.0,0,0,0.0,0,0,0,0.0,0,0,0
100,22019,1627783,Pascal Siakam,2544,LeBron James,2,2:55,9.98,2,19,0,0,0,1,4,0.25,0,3,0.0,0,0,0,0.0,0,0,0
101,22019,1626164,Devin Booker,2544,LeBron James,3,2:18,9.95,0,26,1,1,0,0,3,0.0,0,1,0.0,0,0,0,0.0,0,0,1
102,22019,203992,Bogdan Bogdanovic,2544,LeBron James,3,2:29,9.93,3,13,2,1,0,1,1,1.0,1,1,1.0,0,0,0,0.0,0,0,0
103,22019,1627752,Taurean Prince,2544,LeBron James,2,2:59,9.89,0,9,0,0,0,0,1,0.0,0,1,0.0,0,0,0,0.0,0,0,0
104,22019,201569,Eric Gordon,2544,LeBron James,2,2:16,9.88,2,27,0,1,0,1,2,0.5,0,1,0.0,0,0,0,0.0,0,0,0
105,22019,203918,Rodney Hood,2544,LeBron James,1,2:41,9.8,0,16,1,0,0,0,1,0.0,0,0,0.0,0,0,0,0.0,0,0,0
106,22019,203459,Allen Crabbe,2544,LeBron James,2,2:34,9.77,5,14,1,0,0,2,2,1.0,1,1,1.0,0,0,0,0.0,0,0,0
107,22019,202355,Hassan Whiteside,2544,LeBron James,3,2:12,9.59,6,17,0,0,0,3,5,0.6,0,0,0.0,0,0,0,0.0,0,0,0
108,22019,1628382,Justin Jackson,2544,LeBron James,3,2:47,9.34,0,12,0,1,0,0,1,0.0,0,1,0.0,0,0,0,0.0,0,0,0
109,22019,1626209,Mario Hezonja,2544,LeBron James,2,2:00,9.04,0,4,0,0,0,0,1,0.0,0,1,0.0,0,0,0,0.0,0,0,0
110,22019,203999,Nikola Jokic,2544,LeBron James,3,2:10,8.98,2,18,1,1,0,0,3,0.0,0,0,0.0,0,0,0,0.0,2,2,0
111,22019,1627741,Buddy Hield,2544,LeBron James,3,2:20,8.95,3,19,1,0,0,1,4,0.25,1,3,0.333,0,0,0,0.0,0,0,0
112,22019,1629014,Anfernee Simons,2544,LeBron James,3,2:43,8.87,0,6,0,0,0,0,0,0.0,0,0,0.0,0,0,0,0.0,0,0,0
113,22019,203952,Andrew Wiggins,2544,LeBron James,2,1:46,8.81,5,18,1,0,0,1,4,0.25,0,2,0.0,0,0,0,0.0,3,4,2
114,22019,1628973,Jalen Brunson,2544,LeBron James,4,2:23,8.75,0,17,0,1,0,0,2,0.0,0,0,0.0,0,0,0,0.0,0,0,0
115,22019,101107,Marvin Williams,2544,LeBron James,2,2:03,8.7,2,8,0,0,0,1,1,1.0,0,0,0.0,0,0,0,0.0,0,0,0
116,22019,1628411,Wes Iwundu,2544,LeBron James,2,2:16,8.68,0,13,0,0,0,0,0,0.0,0,0,0.0,0,0,0,0.0,0,0,0
117,22019,1629673,Jordan Poole,2544,LeBron James,2,2:00,8.62,4,9,0,0,0,2,2,1.0,0,0,0.0,0,0,0,0.0,0,0,0
118,22019,201935,James Harden,2544,LeBron James,2,2:02,8.62,3,21,2,1,0,1,2,0.5,1,2,0.5,0,0,0,0.0,0,0,0
119,22019,203118,Mike Scott,2544,LeBron James,2,2:12,8.34,0,21,0,0,0,0,1,0.0,0,1,0.0,0,0,0,0.0,0,0,0
120,22019,201937,Ricky Rubio,2544,LeBron James,3,2:01,8.28,0,12,0,0,0,0,1,0.0,0,0,0.0,0,0,0,0.0,0,0,0
121,22019,203476,Gorgui Dieng,2544,LeBron James,3,2:20,8.18,5,13,0,0,0,2,3,0.667,1,2,0.5,0,0,0,0.0,0,0,0
122,22019,1628983,Shai Gilgeous-Alexander,2544,LeBron James,3,2:07,8.18,0,11,0,0,0,0,2,0.0,0,0,0.0,0,0,0,0.0,0,0,0
123,22019,1627812,Yogi Ferrell,2544,LeBron James,3,2:38,8.16,2,8,0,1,0,1,3,0.333,0,1,0.0,0,0,0,0.0,0,0,0
124,22019,203460,Andre Roberson,2544,LeBron James,1,2:26,8.14,0,7,0,1,0,0,0,0.0,0,0,0.0,0,0,0,0.0,0,0,0
125,22019,201188,Marc Gasol,2544,LeBron James,2,2:04,8.1,0,14,0,0,0,0,1,0.0,0,1,0.0,0,0,0,0.0,0,0,0
126,22019,201566,Russell Westbrook,2544,LeBron James,2,1:44,8.08,2,7,0,1,0,1,3,0.333,0,0,0.0,0,0,0,0.0,0,0,0
127,22019,1628378,Donovan Mitchell,2544,LeBron James,3,1:58,7.96,6,14,2,0,0,2,3,0.667,2,3,0.667,0,0,0,0.0,0,0,0
128,22019,202699,Tobias Harris,2544,LeBron James,2,2:14,7.94,2,17,0,0,0,0,2,0.0,0,1,0.0,0,0,0,0.0,2,2,1
129,22019,1628420,Monte Morris,2544,LeBron James,3,2:20,7.87,5,18,1,0,0,2,2,1.0,1,1,1.0,0,0,0,0.0,0,0,0
130,22019,1627732,Ben Simmons,2544,LeBron James,1,2:02,7.77,0,9,2,1,0,0,1,0.0,0,0,0.0,0,0,0,0.0,0,0,0
131,22019,203200,Justin Holiday,2544,LeBron James,2,1:40,7.75,0,8,0,0,0,0,0,0.0,0,0,0.0,0,0,0,0.0,0,0,0
132,22019,1629023,P.J. Washington,2544,LeBron James,1,2:14,7.69,0,7,0,1,0,0,1,0.0,0,0,0.0,0,0,0,0.0,0,0,0
133,22019,203901,Elfrid Payton,2544,LeBron James,2,1:55,7.68,0,7,1,0,0,0,0,0.0,0,0,0.0,0,0,0,0.0,0,0,0
134,22019,1628401,Derrick White,2544,LeBron James,3,1:57,7.68,0,15,1,0,0,0,1,0.0,0,0,0.0,0,0,0,0.0,0,0,0
135,22019,1628407,Dwayne Bacon,2544,LeBron James,1,2:01,7.6,2,11,0,0,0,1,1,1.0,0,0,0.0,0,0,0,0.0,0,0,0
136,22019,1629308,Juan Toscano-Anderson,2544,LeBron James,1,2:03,7.53,0,11,1,0,0,0,0,0.0,0,0,0.0,0,0,0,0.0,0,0,0
137,22019,203953,Jabari Parker,2544,LeBron James,3,1:52,7.5,7,13,0,0,1,3,6,0.5,1,2,0.5,0,0,0,0.0,0,0,0
138,22019,203114,Khris Middleton,2544,LeBron James,2,1:52,7.47,0,19,2,1,0,0,1,0.0,0,0,0.0,0,0,0,0.0,0,0,0
139,22019,1626168,Trey Lyles,2544,LeBron James,3,2:05,7.36,0,11,0,0,0,0,0,0.0,0,0,0.0,0,0,0,0.0,0,0,0
140,22019,1628374,Lauri Markkanen,2544,LeBron James,1,2:02,7.35,0,6,0,0,1,0,2,0.0,0,1,0.0,0,0,0,0.0,0,0,0
141,22019,203487,Michael Carter-Williams,2544,LeBron James,1,2:07,7.29,0,8,1,0,0,0,1,0.0,0,1,0.0,0,0,0,0.0,0,0,0
142,22019,1626167,Myles Turner,2544,LeBron James,2,1:53,7.28,2,20,0,0,0,1,2,0.5,0,1,0.0,0,0,0,0.0,0,0,0
143,22019,1627749,Dejounte Murray,2544,LeBron James,3,1:47,7.26,5,13,1,1,0,2,3,0.667,0,0,0.0,0,0,0,0.0,1,2,2
144,22019,202692,Alec Burks,2544,LeBron James,2,1:55,7.25,0,7,0,0,0,0,0,0.0,0,0,0.0,0,0,0,0.0,0,0,0
145,22019,203081,Damian Lillard,2544,LeBron James,3,1:45,7.22,8,22,1,0,0,3,7,0.429,2,5,0.4,0,0,0,0.0,0,0,0
146,22019,1628368,De'Aaron Fox,2544,LeBron James,1,1:40,7.15,1,11,0,1,0,0,2,0.0,0,0,0.0,0,0,0,0.0,1,2,1
147,22019,203915,Spencer Dinwiddie,2544,LeBron James,2,1:52,7.07,4,14,1,1,0,1,2,0.5,0,0,0.0,0,0,0,0.0,2,2,1
148,22019,202722,Davis Bertans,2544,LeBron James,1,1:30,7.05,3,7,0,0,0,1,1,1.0,1,1,1.0,0,0,0,0.0,0,0,0
149,22019,1628369,Jayson Tatum,2544,LeBron James,2,1:57,7.04,2,7,0,0,0,1,2,0.5,0,1,0.0,0,0,0,0.0,0,0,0
150,22019,1629634,Brandon Clarke,2544,LeBron James,3,1:41,6.87,0,4,0,1,0,0,1,0.0,0,0,0.0,0,0,0,0.0,0,0,0
151,22019,1629672,Eric Paschall,2544,LeBron James,2,1:46,6.85,6,21,0,0,1,3,4,0.75,0,0,0.0,0,0,0,0.0,0,0,0
152,22019,1628449,Chris Boucher,2544,LeBron James,1,1:48,6.8,0,13,0,0,0,0,0,0.0,0,0,0.0,0,0,0,0.0,0,0,0
153,22019,201572,Brook Lopez,2544,LeBron James,2,1:40,6.75,0,2,0,2,0,0,0,0.0,0,0,0.0,0,0,0,0.0,0,0,0
154,22019,1627832,Fred VanVleet,2544,LeBron James,2,1:33,6.72,0,5,3,0,0,0,2,0.0,0,1,0.0,0,0,0,0.0,0,0,0
155,22019,201960,DeMarre Carroll,2544,LeBron James,2,1:37,6.69,0,9,0,0,0,0,2,0.0,0,2,0.0,0,0,0,0.0,0,0,0
156,22019,1628464,Daniel Theis,2544,LeBron James,2,1:31,6.51,0,11,1,0,0,0,1,0.0,0,0,0.0,0,0,0,0.0,0,0,0
157,22019,202324,Derrick Favors,2544,LeBron James,3,1:17,6.43,2,14,0,0,0,1,1,1.0,0,0,0.0,0,0,0,0.0,0,0,0
158,22019,1628400,Semi Ojeleye,2544,LeBron James,2,1:45,6.42,0,12,1,0,0,0,0,0.0,0,0,0.0,0,0,0,0.0,0,0,1
159,22019,202711,Bojan Bogdanovic,2544,LeBron James,1,1:28,6.42,3,11,0,0,0,1,1,1.0,1,1,1.0,0,0,0,0.0,0,0,0
160,22019,1629629,Cam Reddish,2544,LeBron James,2,1:13,6.32,0,4,0,1,0,0,1,0.0,0,1,0.0,0,0,0,0.0,0,0,0
161,22019,200826,J.J. Barea,2544,LeBron James,1,1:28,6.3,2,12,0,0,0,0,1,0.0,0,0,0.0,0,0,0,0.0,2,2,0
162,22019,1629647,Darius Bazley,2544,LeBron James,3,1:35,6.29,0,13,0,0,0,0,1,0.0,0,0,0.0,0,0,0,0.0,0,0,0
163,22019,1626181,Norman Powell,2544,LeBron James,2,1:29,6.28,2,11,0,0,0,1,2,0.5,0,1,0.0,0,0,0,0.0,0,0,1
164,22019,202066,Garrett Temple,2544,LeBron James,1,1:54,6.27,0,5,0,0,0,0,1,0.0,0,1,0.0,0,0,0,0.0,0,0,0
165,22019,203482,Kelly Olynyk,2544,LeBron James,2,1:31,6.19,2,8,0,0,0,1,2,0.5,0,1,0.0,0,0,0,0.0,0,0,0
166,22019,203497,Rudy Gobert,2544,LeBron James,3,1:43,6.08,6,6,0,0,0,2,3,0.667,0,0,0.0,0,0,0,0.0,2,2,1
167,22019,201567,Kevin Love,2544,LeBron James,1,1:37,6.05,0,6,0,1,0,0,3,0.0,0,2,0.0,0,0,0,0.0,0,0,0
168,22019,1629060,Rui Hachimura,2544,LeBron James,1,1:19,6.01,4,8,0,0,0,2,2,1.0,0,0,0.0,0,0,0,0.0,0,0,0
169,22019,1629740,Nicolo Melli,2544,LeBron James,3,1:18,5.97,0,9,1,0,0,0,0,0.0,0,0,0.0,0,0,0,0.0,0,0,0
170,22019,202685,Jonas Valanciunas,2544,LeBron James,4,1:14,5.95,2,13,0,0,0,1,1,1.0,0,0,0.0,0,0,0,0.0,0,0,0
171,22019,203967,Dario Saric,2544,LeBron James,2,1:36,5.92,0,10,0,0,0,0,1,0.0,0,1,0.0,0,0,0,0.0,0,0,0
172,22019,202704,Reggie Jackson,2544,LeBron James,2,1:15,5.85,0,9,0,0,1,0,1,0.0,0,0,0.0,0,0,0,0.0,0,0,0
173,22019,1629026,Kenrich Williams,2544,LeBron James,2,1:05,5.81,0,12,0,0,0,0,0,0.0,0,0,0.0,0,0,0,0.0,0,0,0
174,22019,203500,Steven Adams,2544,LeBron James,3,1:11,5.76,4,10,1,0,0,2,2,1.0,0,0,0.0,0,0,0,0.0,0,0,1
175,22019,201988,Patty Mills,2544,LeBron James,3,1:24,5.74,0,6,0,1,0,0,0,0.0,0,0,0.0,0,0,0,0.0,0,0,0
176,22019,1627789,Timothe Luwawu-Cabarrot,2544,LeBron James,1,1:28,5.61,0,2,0,0,0,0,1,0.0,0,0,0.0,0,0,0,0.0,0,0,0
177,22019,201143,Al Horford,2544,LeBron James,2,1:26,5.58,2,7,0,0,0,1,1,1.0,0,0,0.0,0,0,0,0.0,0,0,0
178,22019,1627750,Jamal Murray,2544,LeBron James,3,1:13,5.56,5,12,2,0,0,2,2,1.0,0,0,0.0,0,0,0,0.0,1,2,1
179,22019,1626145,Tyus Jones,2544,LeBron James,4,1:36,5.55,0,14,1,0,0,0,1,0.0,0,1,0.0,0,0,0,0.0,0,0,0
180,22019,1628389,Bam Adebayo,2544,LeBron James,2,1:22,5.53,1,17,0,0,0,0,0,0.0,0,0,0.0,0,0,0,0.0,1,2,0
181,22019,203082,Terrence Ross,2544,LeBron James,2,1:22,5.4,2,8,0,1,0,1,1,1.0,0,0,0.0,0,0,0,0.0,0,0,0
182,22019,201152,Thaddeus Young,2544,LeBron James,1,1:13,5.39,0,10,0,0,0,0,0,0.0,0,0,0.0,0,0,0,0.0,0,2,0
183,22019,1629027,Trae Young,2544,LeBron James,2,1:07,5.36,5,12,1,0,1,1,5,0.2,1,2,0.5,0,0,0,0.0,2,3,1
184,22019,1629126,Deonte Burton,2544,LeBron James,1,1:34,5.33,0,6,0,0,0,0,0,0.0,0,0,0.0,0,0,0,0.0,0,0,0
185,22019,1628386,Jarrett Allen,2544,LeBron James,2,1:15,5.31,0,20,0,0,0,0,0,0.0,0,0,0.0,0,0,0,0.0,0,0,0
186,22019,201144,Mike Conley,2544,LeBron James,2,1:06,5.23,3,13,0,0,0,1,3,0.333,1,3,0.333,0,0,0,0.0,0,0,0
187,22019,1628971,Bruce Brown,2544,LeBron James,1,1:23,5.21,0,4,0,0,0,0,0,0.0,0,0,0.0,0,0,0,0.0,0,0,0
188,22019,203914,Gary Harris,2544,LeBron James,2,1:01,5.2,0,12,0,0,0,0,0,0.0,0,0,0.0,0,0,0,0.0,0,0,0
189,22019,1627747,Caris LeVert,2544,LeBron James,2,1:38,5.05,0,8,1,0,0,0,1,0.0,0,1,0.0,0,0,0,0.0,0,0,0
190,22019,1629639,Tyler Herro,2544,LeBron James,2,1:31,4.99,2,4,0,0,0,0,1,0.0,0,0,0.0,0,0,0,0.0,2,2,0
191,22019,1628035,Alfonzo McKinnie,2544,LeBron James,1,1:23,4.95,0,11,0,0,0,0,1,0.0,0,0,0.0,0,0,0,0.0,0,0,0
192,22019,1713,Vince Carter,2544,LeBron James,1,1:16,4.92,0,6,0,0,0,0,0,0.0,0,0,0.0,0,0,0,0.0,0,0,0
193,22019,203095,Evan Fournier,2544,LeBron James,1,1:09,4.88,2,8,1,0,0,1,2,0.5,0,1,0.0,0,0,0,0.0,0,0,0
194,22019,201609,Goran Dragic,2544,LeBron James,1,1:05,4.87,0,10,2,0,0,0,1,0.0,0,1,0.0,0,0,0,0.0,0,0,0
195,22019,1629065,Ky Bowman,2544,LeBron James,1,1:05,4.85,0,3,0,0,0,0,0,0.0,0,0,0.0,0,0,0,0.0,0,0,0
196,22019,200768,Kyle Lowry,2544,LeBron James,1,1:17,4.75,2,4,0,0,1,1,2,0.5,0,0,0.0,0,0,0,0.0,0,0,0
197,22019,203382,Aron Baynes,2544,LeBron James,2,1:01,4.69,2,9,0,0,0,1,1,1.0,0,0,0.0,0,0,0,0.0,0,0,0
198,22019,1628408,PJ Dozier,2544,LeBron James,2,1:08,4.65,2,8,0,0,0,1,3,0.333,0,0,0.0,0,0,0,0.0,0,0,0
199,22019,1627823,Juancho Hernangomez,2544,LeBron James,1,1:05,4.54,0,6,0,0,0,0,0,0.0,0,0,0.0,0,0,0,0.0,0,0,0
200,22019,1629022,Lonnie Walker IV,2544,LeBron James,1,1:18,4.53,3,10,0,0,0,1,1,1.0,1,1,1.0,0,0,0,0.0,0,0,0
201,22019,1627737,Marquese Chriss,2544,LeBron James,2,1:03,4.53,2,9,1,0,0,1,1,1.0,0,0,0.0,0,0,0,0.0,0,0,0
202,22019,1629003,Shake Milton,2544,LeBron James,2,1:07,4.4,3,15,1,0,0,1,1,1.0,0,0,0.0,0,0,0,0.0,1,2,1
203,22019,1627734,Domantas Sabonis,2544,LeBron James,1,1:17,4.37,5,9,0,0,0,2,3,0.667,1,1,1.0,0,0,0,0.0,0,0,0
204,22019,203457,Nerlens Noel,2544,LeBron James,2,1:04,4.34,0,4,0,0,0,0,1,0.0,0,0,0.0,0,0,0,0.0,0,0,0
205,22019,1629056,Terence Davis,2544,LeBron James,2,1:09,4.33,2,7,2,0,0,1,1,1.0,0,0,0.0,0,0,0,0.0,0,0,0
206,22019,1627826,Ivica Zubac,2544,LeBron James,4,1:07,4.33,4,17,1,1,0,2,3,0.667,0,0,0.0,0,0,0,0.0,0,0,0
207,22019,203503,Tony Snell,2544,LeBron James,1,1:10,4.3,0,2,0,0,0,0,1,0.0,0,1,0.0,0,0,0,0.0,0,0,0
208,22019,1629628,RJ Barrett,2544,LeBron James,1,1:13,4.3,0,3,0,1,0,0,0,0.0,0,0,0.0,0,0,0,0.0,0,0,0
209,22019,1626179,Terry Rozier,2544,LeBron James,1,0:55,4.12,0,6,0,0,0,0,0,0.0,0,0,0.0,0,0,0,0.0,0,0,0
210,22019,1629028,Deandre Ayton,2544,LeBron James,1,0:44,4.05,4,10,0,0,0,2,2,1.0,0,0,0.0,0,0,0,0.0,0,0,0
211,22019,201229,Anthony Tolliver,2544,LeBron James,3,0:52,4.03,0,2,0,1,0,0,0,0.0,0,0,0.0,0,0,0,0.0,0,0,0
212,22019,1628425,Sterling Brown,2544,LeBron James,1,1:11,4.0,0,9,0,0,0,0,1,0.0,0,0,0.0,0,0,0,0.0,0,0,0
213,22019,204020,Tyler Johnson,2544,LeBron James,2,0:59,3.99,0,7,0,0,0,0,1,0.0,0,1,0.0,0,0,0,0.0,0,0,0
214,22019,202684,Tristan Thompson,2544,LeBron James,1,1:12,3.93,2,4,0,0,0,1,2,0.5,0,0,0.0,0,0,0,0.0,0,0,0
215,22019,202323,Evan Turner,2544,LeBron James,1,0:48,3.91,2,5,0,0,0,1,1,1.0,0,0,0.0,0,0,0,0.0,0,0,0
216,22019,203086,Meyers Leonard,2544,LeBron James,2,0:42,3.9,0,2,0,1,0,0,0,0.0,0,0,0.0,0,0,0,0.0,0,0,0
217,22019,202696,Nikola Vucevic,2544,LeBron James,1,1:09,3.9,4,13,0,0,0,1,1,1.0,0,0,0.0,0,0,0,0.0,2,2,0
218,22019,201959,Taj Gibson,2544,LeBron James,2,0:56,3.88,0,6,0,0,0,0,0,0.0,0,0,0.0,0,0,0,0.0,0,0,0
219,22019,1626178,Rondae Hollis-Jefferson,2544,LeBron James,1,1:03,3.84,2,10,0,0,0,1,1,1.0,0,0,0.0,0,0,0,0.0,0,0,1
220,22019,202689,Kemba Walker,2544,LeBron James,1,0:47,3.82,2,9,0,0,0,1,1,1.0,0,0,0.0,0,0,0,0.0,0,0,0
221,22019,203897,Zach LaVine,2544,LeBron James,1,0:49,3.81,2,5,1,0,0,0,0,0.0,0,0,0.0,0,0,0,0.0,2,2,1
222,22019,201571,D.J. Augustin,2544,LeBron James,1,1:08,3.77,0,3,1,0,0,0,0,0.0,0,0,0.0,0,0,0,0.0,0,0,0
223,22019,1626144,Emmanuel Mudiay,2544,LeBron James,3,0:58,3.74,0,6,1,0,0,0,0,0.0,0,0,0.0,0,0,0,0.0,0,0,0
224,22019,1629741,Marko Guduric,2544,LeBron James,3,1:01,3.73,0,7,1,0,0,0,1,0.0,0,1,0.0,0,0,0,0.0,0,0,0
225,22019,1628978,Donte DiVincenzo,2544,LeBron James,2,0:46,3.64,0,6,0,0,0,0,1,0.0,0,1,0.0,0,0,0,0.0,0,0,0
226,22019,201949,James Johnson,2544,LeBron James,1,1:07,3.64,0,0,0,0,0,0,0,0.0,0,0,0.0,0,0,0,0.0,0,0,0
227,22019,203083,Andre Drummond,2544,LeBron James,1,0:53,3.63,0,7,0,0,0,0,0,0.0,0,0,0.0,0,0,0,0.0,0,1,1
228,22019,1629637,Jaxson Hayes,2544,LeBron James,2,0:47,3.6,0,2,0,0,0,0,0,0.0,0,0,0.0,0,0,0,0.0,0,0,0
229,22019,1627761,DeAndre' Bembry,2544,LeBron James,1,0:51,3.56,0,4,0,0,0,0,0,0.0,0,0,0.0,0,0,0,0.0,0,0,0
230,22019,1629626,Bol Bol,2544,LeBron James,1,0:51,3.56,0,10,1,0,0,0,0,0.0,0,0,0.0,0,0,0,0.0,0,0,0
231,22019,203960,JaKarr Sampson,2544,LeBron James,1,0:49,3.54,0,2,0,0,0,0,0,0.0,0,0,0.0,0,0,0,0.0,0,0,0
232,22019,1629117,Wenyen Gabriel,2544,LeBron James,2,1:17,3.51,0,7,0,0,0,0,1,0.0,0,1,0.0,0,0,0,0.0,0,0,0
233,22019,203957,Dante Exum,2544,LeBron James,2,1:07,3.48,0,7,1,0,0,0,0,0.0,0,0,0.0,0,0,0,0.0,0,0,0
234,22019,201961,Wayne Ellington,2544,LeBron James,1,0:56,3.46,0,6,1,0,0,0,0,0.0,0,0,0.0,0,0,0,0.0,0,0,0
235,22019,1627751,Jakob Poeltl,2544,LeBron James,3,0:58,3.45,0,5,0,0,0,0,0,0.0,0,0,0.0,0,0,0,0.0,0,0,0
236,22019,201599,DeAndre Jordan,2544,LeBron James,1,0:58,3.38,0,7,0,0,0,0,0,0.0,0,0,0.0,0,0,0,0.0,0,0,0
237,22019,1626161,Willie Cauley-Stein,2544,LeBron James,1,0:40,3.38,2,9,0,0,0,1,1,1.0,0,0,0.0,0,0,0,0.0,0,0,0
238,22019,1628365,Markelle Fultz,2544,LeBron James,1,0:51,3.32,2,4,0,0,0,1,1,1.0,0,0,0.0,0,0,0,0.0,0,0,0
239,22019,1629004,Svi Mykhailiuk,2544,LeBron James,1,0:46,3.3,0,6,0,0,0,0,0,0.0,0,0,0.0,0,0,0,0.0,0,0,0
240,22019,1627767,Cheick Diallo,2544,LeBron James,2,0:44,3.15,2,6,0,0,0,1,1,1.0,0,0,0.0,0,0,0,0.0,0,0,0
241,22019,1627745,Damian Jones,2544,LeBron James,2,0:45,3.14,0,7,0,0,0,0,0,0.0,0,0,0.0,0,0,0,0.0,0,0,0
242,22019,203486,Mason Plumlee,2544,LeBron James,2,0:43,3.11,2,8,0,0,0,1,1,1.0,0,0,0.0,0,0,0,0.0,0,0,0
243,22019,202339,Eric Bledsoe,2544,LeBron James,1,0:38,3.06,0,0,0,0,0,0,1,0.0,0,1,0.0,0,0,0,0.0,0,0,0
244,22019,1626158,Richaun Holmes,2544,LeBron James,1,0:47,3.04,3,3,0,0,0,1,1,1.0,0,0,0.0,0,0,0,0.0,1,1,1
245,22019,1629011,Mitchell Robinson,2544,LeBron James,2,1:01,3.03,2,8,0,0,0,1,1,1.0,0,0,0.0,0,0,0,0.0,0,0,0
246,22019,1628964,Mo Bamba,2544,LeBron James,2,0:41,3.03,4,12,0,1,0,2,2,1.0,0,0,0.0,0,0,0,0.0,0,0,0
247,22019,1628385,Harry Giles III,2544,LeBron James,3,0:32,2.99,4,7,0,1,0,2,3,0.667,0,0,0.0,0,0,0,0.0,0,0,0
248,22019,1626163,Frank Kaminsky,2544,LeBron James,1,0:34,2.77,0,6,0,0,0,0,0,0.0,0,0,0.0,0,0,0,0.0,0,0,0
249,22019,203458,Alex Len,2544,LeBron James,3,0:33,2.75,0,3,0,1,0,0,0,0.0,0,0,0.0,0,0,0,0.0,0,0,0
250,22019,1629668,Zach Norvell Jr.,2544,LeBron James,1,0:43,2.74,3,5,0,0,0,1,1,1.0,1,1,1.0,0,0,0,0.0,0,0,0
251,22019,1629723,John Konchar,2544,LeBron James,1,1:02,2.7,0,5,0,0,0,0,0,0.0,0,0,0.0,0,0,0,0.0,0,0,0
252,22019,203526,Raul Neto,2544,LeBron James,2,0:47,2.67,0,4,0,0,1,0,1,0.0,0,0,0.0,0,0,0,0.0,0,0,0
253,22019,203085,Austin Rivers,2544,LeBron James,1,0:35,2.59,0,4,0,0,0,0,0,0.0,0,0,0.0,0,0,0,0.0,0,0,0
254,22019,1628976,Wendell Carter Jr.,2544,LeBron James,1,0:40,2.59,0,6,0,0,0,0,0,0.0,0,0,0.0,0,0,0,0.0,0,0,0
255,22019,1628975,Jevon Carter,2544,LeBron James,2,0:41,2.57,0,0,0,0,0,0,0,0.0,0,0,0.0,0,0,0,0.0,0,0,0
256,22019,1628990,Chandler Hutchison,2544,LeBron James,1,0:33,2.55,0,2,0,0,0,0,0,0.0,0,0,0.0,0,0,0,0.0,0,0,0
257,22019,203920,Khem Birch,2544,LeBron James,2,0:35,2.53,0,0,0,0,0,0,0,0.0,0,0,0.0,0,0,0,0.0,0,0,0
258,22019,203991,Clint Capela,2544,LeBron James,1,0:37,2.51,0,10,1,0,0,0,2,0.0,0,0,0.0,0,0,0,0.0,0,0,0
259,22019,202681,Kyrie Irving,2544,LeBron James,1,0:31,2.51,2,10,0,1,0,1,1,1.0,0,0,0.0,0,0,0,0.0,0,0,0
260,22019,1626174,Christian Wood,2544,LeBron James,1,0:38,2.42,0,5,1,0,0,0,0,0.0,0,0,0.0,0,0,0,0.0,0,0,0
261,22019,201588,George Hill,2544,LeBron James,1,0:43,2.39,0,7,0,0,0,0,0,0.0,0,0,0.0,0,0,0,0.0,0,0,0
262,22019,1629610,DaQuan Jeffries,2544,LeBron James,1,0:31,2.31,0,6,0,0,0,0,0,0.0,0,0,0.0,0,0,0,0.0,0,0,0
263,22019,1627739,Kris Dunn,2544,LeBron James,1,0:32,2.3,0,0,0,0,0,0,0,0.0,0,0,0.0,0,0,0,0.0,0,0,0
264,22019,203506,Victor Oladipo,2544,LeBron James,1,0:29,2.3,5,7,0,0,0,2,2,1.0,1,1,1.0,0,0,0,0.0,0,0,0
265,22019,203516,James Ennis III,2544,LeBron James,1,0:35,2.24,0,1,0,0,0,0,2,0.0,0,1,0.0,0,0,0,0.0,0,0,0
266,22019,1628984,Devonte' Graham,2544,LeBron James,1,0:27,2.2,0,2,1,0,0,0,2,0.0,0,1,0.0,0,0,0,0.0,0,0,0
267,22019,1627846,Abdel Nader,2544,LeBron James,2,0:35,2.16,0,0,0,0,0,0,0,0.0,0,0,0.0,0,0,0,0.0,0,0,0
268,22019,1629012,Collin Sexton,2544,LeBron James,1,0:36,2.12,2,11,0,0,0,1,1,1.0,0,0,0.0,0,0,0,0.0,0,0,0
269,22019,1629633,Jarrett Culver,2544,LeBron James,1,0:35,2.11,0,6,0,0,0,0,0,0.0,0,0,0.0,0,0,0,0.0,0,0,0
270,22019,203110,Draymond Green,2544,LeBron James,1,0:31,2.1,0,6,0,1,0,0,0,0.0,0,0,0.0,0,0,0,0.0,0,0,0
271,22019,1628422,Damyean Dotson,2544,LeBron James,2,0:34,1.99,3,6,0,0,0,1,1,1.0,1,1,1.0,0,0,0,0.0,0,0,0
272,22019,1629059,Elie Okobo,2544,LeBron James,2,0:29,1.94,0,2,0,0,0,0,1,0.0,0,1,0.0,0,0,0,0.0,0,0,0
273,22019,1626171,Bobby Portis,2544,LeBron James,2,0:39,1.91,2,11,2,0,0,1,1,1.0,0,0,0.0,0,0,0,0.0,0,0,0
274,22019,1628989,Kevin Huerter,2544,LeBron James,1,0:22,1.9,0,3,0,1,0,0,0,0.0,0,0,0.0,0,0,0,0.0,0,0,0
275,22019,202954,Brad Wanamaker,2544,LeBron James,1,0:25,1.89,0,0,0,0,0,0,1,0.0,0,0,0.0,0,0,0,0.0,0,0,0
276,22019,203087,Jeremy Lamb,2544,LeBron James,1,0:26,1.89,0,4,0,0,0,0,1,0.0,0,0,0.0,0,0,0,0.0,0,0,0
277,22019,203895,Jordan McRae,2544,LeBron James,1,0:29,1.87,0,5,1,0,0,0,0,0.0,0,0,0.0,0,0,0,0.0,0,0,0
278,22019,1628418,Thomas Bryant,2544,LeBron James,1,0:34,1.85,0,3,0,0,0,0,0,0.0,0,0,0.0,0,0,0,0.0,0,0,0
279,22019,1628395,Jordan Bell,2544,LeBron James,1,0:19,1.83,0,2,0,0,0,0,0,0.0,0,0,0.0,0,0,0,0.0,0,0,0
280,22019,203926,Doug McDermott,2544,LeBron James,2,0:36,1.8,0,5,0,0,0,0,0,0.0,0,0,0.0,0,0,0,0.0,0,0,0
281,22019,1628373,Frank Ntilikina,2544,LeBron James,2,0:28,1.8,0,2,0,0,0,0,0,0.0,0,0,0.0,0,0,0,0.0,0,0,0
282,22019,204038,Langston Galloway,2544,LeBron James,1,0:29,1.79,0,4,0,0,0,0,0,0.0,0,0,0.0,0,0,0,0.0,0,0,0
283,22019,1629744,Matt Thomas,2544,LeBron James,1,0:28,1.78,0,6,0,0,0,0,1,0.0,0,1,0.0,0,0,0,0.0,0,0,0
284,22019,101141,Ersan Ilyasova,2544,LeBron James,1,0:37,1.77,0,3,0,1,0,0,0,0.0,0,0,0.0,0,0,0,0.0,0,0,0
285,22019,1629067,Isaac Bonga,2544,LeBron James,1,0:29,1.76,0,0,0,1,0,0,0,0.0,0,0,0.0,0,0,0,0.0,0,0,0
286,22019,1629168,BJ Johnson,2544,LeBron James,1,0:28,1.73,0,2,0,0,0,0,0,0.0,0,0,0.0,0,0,0,0.0,0,0,0
287,22019,203894,Shabazz Napier,2544,LeBron James,1,0:26,1.73,2,4,0,0,0,1,2,0.5,0,1,0.0,0,0,0,0.0,0,0,0
288,22019,1627788,Furkan Korkmaz,2544,LeBron James,2,0:20,1.7,0,0,0,0,0,0,1,0.0,0,0,0.0,0,0,0,0.0,0,0,0
289,22019,203078,Bradley Beal,2544,LeBron James,1,0:20,1.66,4,6,1,0,0,1,1,1.0,0,0,0.0,0,0,0,0.0,2,2,1
290,22019,1629019,Allonzo Trier,2544,LeBron James,1,0:27,1.65,0,2,0,0,1,0,1,0.0,0,0,0.0,0,0,0,0.0,0,0,0
291,22019,203943,Noah Vonleh,2544,LeBron James,1,0:23,1.59,1,8,0,1,0,0,0,0.0,0,0,0.0,0,0,0,0.0,1,2,1
292,22019,200757,Thabo Sefolosha,2544,LeBron James,2,0:20,1.59,0,2,0,0,0,0,0,0.0,0,0,0.0,0,0,0,0.0,0,0,0
293,22019,1629636,Darius Garland,2544,LeBron James,1,0:22,1.58,0,2,1,1,0,0,0,0.0,0,0,0.0,0,0,0,0.0,0,0,0
294,22019,1626156,D'Angelo Russell,2544,LeBron James,1,0:29,1.56,2,4,1,0,0,1,1,1.0,0,0,0.0,0,0,0,0.0,0,0,0
295,22019,202683,Enes Kanter,2544,LeBron James,2,0:20,1.51,0,0,0,0,0,0,0,0.0,0,0,0.0,0,0,0,0.0,0,0,0
296,22019,1629632,Coby White,2544,LeBron James,1,0:16,1.49,0,4,0,0,0,0,0,0.0,0,0,0.0,0,0,0,0.0,0,0,0
297,22019,1629139,Yuta Watanabe,2544,LeBron James,1,0:29,1.47,0,0,0,0,0,0,0,0.0,0,0,0.0,0,0,0,0.0,0,0,0
298,22019,1628402,Frank Jackson,2544,LeBron James,2,0:27,1.46,0,0,0,0,0,0,0,0.0,0,0,0.0,0,0,0,0.0,0,0,0
299,22019,202738,Isaiah Thomas,2544,LeBron James,1,0:20,1.44,0,5,0,0,0,0,0,0.0,0,0,0.0,0,0,0,0.0,0,0,0
300,22019,201586,Serge Ibaka,2544,LeBron James,1,0:15,1.44,0,0,0,0,0,0,1,0.0,0,0,0.0,0,0,0,0.0,0,0,0
301,22019,1629109,Gary Clark,2544,LeBron James,1,0:25,1.42,2,4,0,0,0,1,1,1.0,0,0,0.0,0,0,0,0.0,0,0,0
302,22019,1626143,Jahlil Okafor,2544,LeBron James,2,0:19,1.41,2,6,0,0,0,1,1,1.0,0,0,0.0,0,0,0,0.0,0,0,0
303,22019,203471,Dennis Schroder,2544,LeBron James,2,0:19,1.36,3,3,0,0,0,1,1,1.0,1,1,1.0,0,0,0,0.0,0,0,0
304,22019,201158,Marco Belinelli,2544,LeBron James,2,0:19,1.33,0,2,0,0,0,0,0,0.0,0,0,0.0,0,0,0,0.0,0,0,0
305,22019,1626157,Karl-Anthony Towns,2544,LeBron James,1,0:14,1.3,2,5,1,0,0,1,1,1.0,0,0,0.0,0,0,0,0.0,0,0,0
306,22019,203903,Jordan Clarkson,2544,LeBron James,1,0:17,1.27,3,3,0,0,0,1,2,0.5,1,2,0.5,0,0,0,0.0,0,0,0
307,22019,1629021,Moritz Wagner,2544,LeBron James,1,0:19,1.27,0,4,0,1,0,0,0,0.0,0,0,0.0,0,0,0,0.0,0,0,0
308,22019,1629684,Grant Williams,2544,LeBron James,2,0:05,1.25,2,2,0,0,0,0,0,0.0,0,0,0.0,0,0,0,0.0,2,2,0
309,22019,203488,Mike Muscala,2544,LeBron James,1,0:19,1.23,0,0,0,0,0,0,0,0.0,0,0,0.0,0,0,0,0.0,0,0,0
310,22019,201952,Jeff Teague,2544,LeBron James,1,0:19,1.21,0,2,0,1,0,0,0,0.0,0,0,0.0,0,0,0,0.0,0,0,0
311,22019,202334,Ed Davis,2544,LeBron James,2,0:16,1.2,0,0,0,0,0,0,0,0.0,0,0,0.0,0,0,0,0.0,0,0,0
312,22019,1626172,Kevon Looney,2544,LeBron James,1,0:16,1.16,0,2,0,0,0,0,0,0.0,0,0,0.0,0,0,0,0.0,0,0,0
313,22019,1626192,Pat Connaughton,2544,LeBron James,2,0:23,1.15,0,2,0,0,0,0,0,0.0,0,0,0.0,0,0,0,0.0,0,0,0
314,22019,202397,Ish Smith,2544,LeBron James,1,0:20,1.11,2,2,0,0,0,1,1,1.0,0,0,0.0,0,0,0,0.0,0,0,0
315,22019,1627736,Malik Beasley,2544,LeBron James,1,0:16,1.08,0,2,0,0,0,0,0,0.0,0,0,0.0,0,0,0,0.0,0,0,0
316,22019,1629346,Alen Smailagic,2544,LeBron James,1,0:22,1.07,0,0,0,0,0,0,0,0.0,0,0,0.0,0,0,0,0.0,0,0,0
317,22019,1628370,Malik Monk,2544,LeBron James,1,0:15,1.04,0,2,0,0,0,0,0,0.0,0,0,0.0,0,0,0,0.0,0,0,0
318,22019,2594,Kyle Korver,2544,LeBron James,2,0:17,1.01,3,3,0,0,0,0,0,0.0,0,0,0.0,0,0,0,0.0,3,3,1
319,22019,1629642,Nassir Little,2544,LeBron James,3,0:13,0.89,0,6,1,0,0,0,0,0.0,0,0,0.0,0,0,0,0.0,0,0,0
320,22019,1629660,Ty Jerome,2544,LeBron James,1,0:14,0.89,0,0,0,0,0,0,0,0.0,0,0,0.0,0,0,0,0.0,0,0,0
321,22019,201149,Joakim Noah,2544,LeBron James,1,0:12,0.86,0,0,0,0,0,0,0,0.0,0,0,0.0,0,0,0,0.0,0,0,0
322,22019,1629185,Chris Chiozza,2544,LeBron James,1,0:11,0.83,0,2,0,0,0,0,0,0.0,0,0,0.0,0,0,0,0.0,0,0,0
323,22019,1629151,Ryan Broekhoff,2544,LeBron James,1,0:14,0.8,3,5,0,0,0,1,1,1.0,1,1,1.0,0,0,0,0.0,0,0,0
324,22019,1629735,Chris Silva,2544,LeBron James,1,0:07,0.79,0,2,0,0,0,0,0,0.0,0,0,0.0,0,0,0,0.0,0,0,0
325,22019,1629048,Goga Bitadze,2544,LeBron James,1,0:07,0.74,0,2,0,0,0,0,0,0.0,0,0,0.0,0,0,0,0.0,0,0,0
326,22019,1629714,Jarrell Brantley,2544,LeBron James,1,0:15,0.72,0,2,0,0,0,0,0,0.0,0,0,0.0,0,0,0,0.0,0,0,0
327,22019,203089,John Henson,2544,LeBron James,1,0:08,0.71,0,0,0,0,0,0,0,0.0,0,0,0.0,0,0,0,0.0,0,0,0
328,22019,202718,Chandler Parsons,2544,LeBron James,1,0:07,0.7,0,0,0,0,0,0,0,0.0,0,0,0.0,0,0,0,0.0,0,0,0
329,22019,1626246,Boban Marjanovic,2544,LeBron James,3,0:13,0.69,0,0,0,0,0,0,0,0.0,0,0,0.0,0,0,0,0.0,0,0,0
330,22019,203469,Cody Zeller,2544,LeBron James,1,0:10,0.67,0,3,1,0,0,0,0,0.0,0,0,0.0,0,0,0,0.0,0,0,0
331,22019,204025,Tim Frazier,2544,LeBron James,1,0:08,0.65,0,0,0,0,0,0,0,0.0,0,0,0.0,0,0,0,0.0,0,0,0
332,22019,1628436,Luke Kornet,2544,LeBron James,1,0:05,0.64,0,2,0,0,0,0,0,0.0,0,0,0.0,0,0,0,0.0,0,0,0
333,22019,1627748,Thon Maker,2544,LeBron James,1,0:06,0.62,0,0,0,0,0,0,0,0.0,0,0,0.0,0,0,0,0.0,0,0,0
334,22019,2199,Tyson Chandler,2544,LeBron James,1,0:07,0.49,0,0,0,0,0,0,0,0.0,0,0,0.0,0,0,0,0.0,0,0,0
335,22019,201565,Derrick Rose,2544,LeBron James,1,0:07,0.48,3,6,1,0,0,1,1,1.0,1,1,1.0,0,0,0,0.0,0,0,0
336,22019,203473,Dewayne Dedmon,2544,LeBron James,1,0:08,0.4,0,3,0,0,0,0,0,0.0,0,0,0.0,0,0,0,0.0,0,0,0
337,22019,1628960,Grayson Allen,2544,LeBron James,1,0:04,0.38,0,0,0,0,0,0,0,0.0,0,0,0.0,0,0,0,0.0,0,0,0
338,22019,202687,Bismack Biyombo,2544,LeBron James,1,0:04,0.36,0,0,0,0,0,0,0,0.0,0,0,0.0,0,0,0,0.0,0,0,0
339,22019,1628403,Caleb Swanigan,2544,LeBron James,1,0:03,0.25,0,0,0,0,0,0,0,0.0,0,0,0.0,0,0,0,0.0,0,0,0
340,22019,202688,Brandon Knight,2544,LeBron James,1,0:05,0.23,0,2,0,0,0,0,0,0.0,0,0,0.0,0,0,0,0.0,0,0,0
341,22019,203998,Bruno Caboclo,2544,LeBron James,1,0:06,0.22,0,0,0,0,0,0,0,0.0,0,0,0.0,0,0,0,0.0,0,0,0
342,22019,1628396,Tony Bradley,2544,LeBron James,2,0:05,0.21,0,0,0,0,0,0,0,0.0,0,0,0.0,0,0,0,0.0,0,0,0
343,22019,201577,Robin Lopez,2544,LeBron James,2,0:02,0.19,0,0,0,0,0,0,0,0.0,0,0,0.0,0,0,0,0.0,0,0,0
344,22019,1629752,Juwan Morgan,2544,LeBron James,1,0:02,0.15,0,0,0,0,0,0,0,0.0,0,0,0.0,0,0,0,0.0,0,0,0
345,22019,1628981,Bruno Fernando,2544,LeBron James,1,0:04,0.14,0,0,0,0,0,0,1,0.0,0,0,0.0,0,0,0,0.0,0,0,0
346,22019,1628450,Eric Mika,2544,LeBron James,1,0:02,0.12,0,0,0,0,0,0,0,0.0,0,0,0.0,0,0,0,0.0,0,0,0
347,22019,202951,Jeremy Pargo,2544,LeBron James,1,0:01,0.08,0,0,0,0,0,0,0,0.0,0,0,0.0,0,0,0,0.0,0,0,0
348,22019,1627746,Skal Labissiere,2544,LeBron James,1,0:01,0.07,0,0,0,0,0,0,0,0.0,0,0,0.0,0,0,0,0.0,0,0,0
349,22019,1628372,Dennis Smith Jr.,2544,LeBron James,1,0:01,0.04,0,0,0,0,0,0,0,0.0,0,0,0.0,0,0,0,0.0,0,0,0
